iter	Logloss
0	0.609253166
1	0.5406091821
2	0.4835541545
3	0.4355659584
4	0.3947775677
5	0.359936951
6	0.3299749234
7	0.3040691138
8	0.2816101327
9	0.2620735559
